address_id,province_code,postal_code
1,BA,1001
2,CBA,1002
3,SF,1003
4,MZA,1004
1001,CBA,4934
1002,SF,2071
1003,BA,7131
1004,CBA,9773
1005,SF,3071
1006,MZA,2062
1007,BA,3932
1008,CBA,5396
1009,CBA,8406
1010,BA,7129
1011,CBA,4771
1012,BA,8086
1013,BA,3942
1014,BA,9220
1015,BA,2168
1016,BA,5096
1017,CBA,9898
1018,BA,1194
1019,CBA,8773
1020,BA,2406
1021,SF,1493
1022,BA,6810
1023,BA,6342
1024,CBA,7247
1025,MZA,2779
1026,CBA,3910
1027,SF,2138
1028,BA,8449
1029,BA,3572
1030,BA,4382
1031,SF,3601
1032,CBA,3337
1033,BA,9043
1034,BA,6681
1035,BA,8501
1036,MZA,4927
1037,BA,4559
1038,BA,9264
1039,BA,8572
1040,BA,4185
1041,BA,8606
1042,BA,3297
1043,SF,3903
1044,BA,5476
1045,BA,8242
1046,SF,8274
1047,CBA,4908
1048,BA,2035
1049,MZA,7810
1050,BA,4393
1051,BA,6842
1052,BA,8516
1053,BA,7735
1054,SF,5127
1055,CBA,6440
1056,CBA,6490
1057,CBA,9248
1058,BA,4990
1059,BA,7156
1060,CBA,3199
1061,BA,1388
1062,SF,5068
1063,CBA,1099
1064,SF,4345
1065,BA,7983
1066,BA,5079
1067,BA,6891
1068,BA,3553
1069,BA,3878
1070,BA,2178
1071,BA,1210
1072,CBA,7113
1073,BA,3039
1074,MZA,9349
1075,CBA,5043
1076,BA,5281
1077,MZA,1202
1078,SF,9495
1079,SF,9202
1080,CBA,2456
1081,CBA,7520
1082,BA,7845
1083,BA,4053
1084,BA,4041
1085,BA,2789
1086,BA,6605
1087,CBA,2000
1088,SF,9557
1089,BA,8036
1090,BA,7200
1091,MZA,3275
1092,CBA,8404
1093,BA,1272
1094,SF,8938
1095,CBA,7305
1096,CBA,3094
1097,SF,2895
1098,CBA,2728
1099,MZA,4610
1100,CBA,2481
1101,SF,7176
1102,CBA,2895
1103,BA,2902
1104,BA,6092
1105,CBA,3069
1106,CBA,9819
1107,BA,3415
1108,BA,9230
1109,BA,9110
1110,CBA,4687
1111,MZA,3608
1112,BA,7412
1113,BA,9978
1114,BA,8496
1115,CBA,4573
1116,CBA,3418
1117,MZA,8763
1118,MZA,3434
1119,BA,3826
1120,SF,5509
1121,BA,9351
1122,BA,3967
1123,BA,2629
1124,BA,7451
1125,SF,4399
1126,BA,6149
1127,BA,5206
1128,BA,7931
1129,BA,3291
1130,CBA,2622
1131,BA,4539
1132,BA,5270
1133,CBA,7968
1134,BA,7097
1135,CBA,6183
1136,BA,9707
1137,CBA,6944
1138,SF,7179
1139,BA,9021
1140,BA,2623
1141,BA,8812
1142,BA,3337
1143,CBA,5081
1144,CBA,5519
1145,BA,6007
1146,SF,2534
1147,CBA,7946
1148,MZA,7643
1149,CBA,5001
1150,CBA,3864
1151,BA,9118
1152,BA,5752
1153,BA,4562
1154,MZA,1942
1155,BA,1084
1156,SF,8058
1157,BA,8985
1158,BA,7132
1159,BA,8198
1160,BA,2813
1161,BA,1517
1162,CBA,9119
1163,BA,3153
1164,MZA,4874
1165,CBA,8116
1166,BA,9376
1167,BA,4250
1168,CBA,3436
1169,BA,7984
1170,CBA,4791
1171,BA,5985
1172,BA,6240
1173,BA,4473
1174,BA,9049
1175,BA,6426
1176,CBA,4903
1177,BA,1672
1178,BA,5939
1179,MZA,3094
1180,BA,8347
1181,MZA,3735
1182,CBA,4116
1183,BA,9344
1184,CBA,4015
1185,BA,9254
1186,BA,3803
1187,BA,5550
1188,BA,1022
1189,CBA,3189
1190,SF,6824
1191,CBA,7258
1192,SF,4614
1193,BA,8109
1194,BA,4031
1195,BA,6081
1196,SF,2180
1197,BA,1193
1198,BA,3165
1199,SF,1153
1200,BA,8279
1201,BA,9906
1202,BA,9381
1203,BA,3414
1204,CBA,9057
1205,MZA,6467
1206,BA,8022
1207,BA,5702
1208,SF,2251
1209,SF,8318
1210,SF,3370
1211,BA,9097
1212,BA,5028
1213,BA,7301
1214,CBA,2429
1215,BA,3188
1216,BA,3361
1217,MZA,3257
1218,MZA,7958
1219,BA,1494
1220,BA,3452
1221,BA,7742
1222,BA,1983
1223,CBA,7940
1224,CBA,7941
1225,BA,7560
1226,BA,8821
1227,CBA,7950
1228,BA,1459
1229,BA,6064
1230,CBA,1735
1231,MZA,6056
1232,MZA,7400
1233,MZA,9227
1234,BA,3641
1235,CBA,3307
1236,MZA,8331
1237,BA,4917
1238,MZA,2595
1239,BA,8451
1240,BA,6789
1241,BA,8242
1242,MZA,7568
1243,SF,7122
1244,CBA,1934
1245,CBA,7157
1246,CBA,6716
1247,BA,2775
1248,SF,6610
1249,BA,1627
1250,BA,1513
1251,BA,4465
1252,MZA,2369
1253,BA,7876
1254,BA,6603
1255,BA,8156
1256,MZA,2274
1257,BA,3416
1258,SF,8381
1259,CBA,4074
1260,CBA,4436
1261,MZA,5947
1262,BA,7723
1263,BA,3880
1264,BA,7251
1265,SF,2435
1266,BA,8276
1267,CBA,8448
1268,BA,7765
1269,BA,5333
1270,SF,1254
1271,BA,6490
1272,MZA,7444
1273,SF,3846
1274,MZA,3069
1275,BA,6282
1276,BA,1455
1277,MZA,8433
1278,BA,7194
1279,CBA,2694
1280,BA,5292
1281,BA,9045
1282,BA,7148
1283,CBA,3927
1284,BA,3595
1285,CBA,9486
1286,SF,6366
1287,BA,4264
1288,BA,8144
1289,MZA,7436
1290,CBA,8101
1291,BA,7275
1292,BA,3740
1293,MZA,7525
1294,BA,2190
1295,CBA,6219
1296,CBA,2085
1297,BA,2225
1298,CBA,1813
1299,BA,3803
1300,CBA,1076
1301,BA,6527
1302,BA,6196
1303,BA,7444
1304,CBA,2683
1305,BA,4708
1306,BA,5254
1307,BA,5422
1308,MZA,3424
1309,CBA,8830
1310,MZA,5853
1311,BA,9103
1312,BA,8989
1313,BA,8438
1314,SF,8412
1315,BA,3690
1316,MZA,2805
1317,BA,9698
1318,BA,4474
1319,BA,5466
1320,BA,5816
1321,BA,9497
1322,BA,1870
1323,CBA,4710
1324,BA,9112
1325,BA,1050
1326,BA,3789
1327,CBA,1208
1328,BA,1159
1329,MZA,2792
1330,SF,3401
1331,BA,9940
1332,CBA,5933
1333,SF,9508
1334,BA,9156
1335,BA,4175
1336,CBA,5346
1337,SF,4122
1338,CBA,8455
1339,BA,3461
1340,MZA,8976
1341,BA,5636
1342,BA,1817
1343,BA,2409
1344,BA,5764
1345,BA,7923
1346,MZA,3839
1347,BA,5096
1348,BA,8555
1349,BA,6132
1350,MZA,8643
1351,MZA,2448
1352,CBA,3085
1353,SF,1097
1354,SF,5426
1355,BA,1997
1356,CBA,4359
1357,BA,5929
1358,CBA,2879
1359,BA,4347
1360,BA,5913
1361,BA,3018
1362,BA,3797
1363,CBA,5742
1364,MZA,7321
1365,BA,2968
1366,BA,1698
1367,MZA,6861
1368,SF,9405
1369,BA,8528
1370,BA,7168
1371,CBA,3120
1372,CBA,2107
1373,BA,9182
1374,BA,7882
1375,BA,8234
1376,CBA,7187
1377,MZA,9046
1378,CBA,9659
1379,BA,1085
1380,SF,9653
1381,BA,6840
1382,SF,2161
1383,BA,4777
1384,CBA,7396
1385,BA,9482
1386,BA,8716
1387,CBA,6481
1388,BA,9086
1389,SF,2159
1390,CBA,5432
1391,BA,8069
1392,BA,9752
1393,CBA,7342
1394,CBA,8175
1395,SF,1949
1396,BA,1244
1397,SF,5630
1398,BA,8843
1399,CBA,6848
1400,BA,9631
1401,BA,7731
1402,BA,4453
1403,BA,8434
1404,BA,5921
1405,BA,7302
1406,BA,9724
1407,CBA,5301
1408,SF,2789
1409,BA,9501
1410,BA,1248
1411,SF,6530
1412,BA,1202
1413,BA,8581
1414,BA,7694
1415,CBA,2049
1416,BA,3858
1417,SF,4018
1418,SF,1996
1419,MZA,4845
1420,BA,4882
1421,BA,5638
1422,BA,8711
1423,CBA,1418
1424,CBA,4520
1425,SF,2266
1426,CBA,9646
1427,CBA,5410
1428,SF,4782
1429,BA,6929
1430,BA,4774
1431,SF,7678
1432,CBA,7692
1433,BA,3947
1434,BA,2654
1435,SF,3168
1436,SF,4955
1437,BA,1741
1438,CBA,8138
1439,SF,3494
1440,CBA,3895
1441,CBA,6588
1442,CBA,6288
1443,BA,8053
1444,BA,3713
1445,BA,5250
1446,MZA,9334
1447,BA,9001
1448,BA,9534
1449,SF,8281
1450,BA,6795
1451,CBA,5523
1452,CBA,1628
1453,BA,1130
1454,BA,8702
1455,BA,2453
1456,SF,9039
1457,CBA,7230
1458,CBA,4799
1459,CBA,5840
1460,BA,7960
1461,BA,3098
1462,SF,1474
1463,BA,5286
1464,BA,5396
1465,CBA,4625
1466,BA,3117
1467,BA,6778
1468,BA,3572
1469,BA,6431
1470,BA,9627
1471,BA,1397
1472,CBA,7190
1473,BA,9265
1474,BA,7408
1475,SF,5950
1476,BA,7169
1477,BA,5659
1478,BA,7106
1479,CBA,4802
1480,BA,3355
1481,BA,2374
1482,BA,1965
1483,BA,7660
1484,BA,6128
1485,BA,2721
1486,CBA,3722
1487,BA,9594
1488,BA,2926
1489,MZA,3718
1490,BA,9509
1491,BA,3690
1492,CBA,3463
1493,BA,2537
1494,BA,2093
1495,CBA,5498
1496,SF,7607
1497,CBA,2687
1498,BA,6409
1499,MZA,4798
1500,BA,1004
1501,BA,8728
1502,BA,7316
1503,BA,3721
1504,CBA,2970
1505,SF,8636
1506,CBA,3932
1507,BA,6381
1508,MZA,1549
1509,CBA,5492
1510,MZA,9033
1511,BA,1472
1512,CBA,1918
1513,CBA,4181
1514,BA,9459
1515,MZA,2064
1516,SF,3827
1517,BA,3833
1518,BA,2410
1519,BA,6201
1520,SF,2331
1521,BA,6087
1522,BA,7782
1523,SF,8202
1524,BA,3793
1525,MZA,8108
1526,CBA,2486
1527,SF,2889
1528,CBA,7099
1529,BA,6879
1530,BA,4065
1531,BA,8478
1532,CBA,6535
1533,CBA,7897
1534,SF,9391
1535,MZA,3128
1536,SF,8515
1537,BA,6038
1538,BA,3525
1539,SF,2636
1540,BA,8593
1541,SF,7551
1542,SF,6683
1543,CBA,4852
1544,BA,2265
1545,BA,2521
1546,BA,7337
1547,BA,8617
1548,BA,3635
1549,BA,8964
1550,BA,8377
1551,BA,3930
1552,BA,5224
1553,BA,5615
1554,BA,5134
1555,BA,5804
1556,BA,2829
1557,CBA,9765
1558,BA,8504
1559,MZA,2253
1560,BA,7257
1561,MZA,7922
1562,BA,8101
1563,SF,1800
1564,CBA,5535
1565,CBA,5467
1566,BA,5375
1567,CBA,1296
1568,BA,7893
1569,BA,6237
1570,SF,9720
1571,CBA,8971
1572,MZA,5981
1573,SF,6761
1574,BA,4845
1575,MZA,7483
1576,BA,7571
1577,BA,6950
1578,CBA,4688
1579,BA,7554
1580,BA,7280
1581,MZA,3270
1582,MZA,6325
1583,BA,1372
1584,CBA,3870
1585,MZA,1506
1586,CBA,4963
1587,MZA,5011
1588,CBA,9515
1589,SF,9751
1590,BA,6953
1591,CBA,3391
1592,SF,7764
1593,BA,6407
1594,BA,5838
1595,BA,3294
1596,BA,5771
1597,MZA,8206
1598,BA,7295
1599,CBA,1197
1600,BA,6639
1601,CBA,8950
1602,SF,2060
1603,BA,4226
1604,BA,4318
1605,CBA,5447
1606,MZA,9567
1607,BA,4741
1608,BA,4113
1609,MZA,4728
1610,CBA,6224
1611,BA,2636
1612,CBA,8041
1613,CBA,1008
1614,SF,6384
1615,BA,6589
1616,CBA,3984
1617,BA,2074
1618,CBA,4171
1619,SF,9690
1620,BA,6304
1621,BA,6335
1622,MZA,4747
1623,BA,6798
1624,BA,7620
1625,MZA,4313
1626,CBA,8004
1627,BA,5488
1628,BA,1753
1629,CBA,1971
1630,BA,5656
1631,BA,3486
1632,CBA,5017
1633,CBA,1358
1634,SF,4016
1635,BA,5183
1636,BA,1786
1637,BA,1525
1638,SF,2099
1639,CBA,8675
1640,SF,3493
1641,BA,1351
1642,CBA,6281
1643,BA,4282
1644,SF,4377
1645,BA,9848
1646,MZA,4304
1647,BA,3249
1648,BA,7232
1649,BA,2521
1650,BA,2971
1651,CBA,2487
1652,BA,1118
1653,SF,2069
1654,MZA,7384
1655,BA,3905
1656,BA,1638
1657,CBA,3580
1658,BA,6981
1659,SF,7114
1660,CBA,1560
1661,MZA,3591
1662,BA,8793
1663,MZA,6102
1664,BA,2579
1665,BA,3336
1666,CBA,2724
1667,BA,9518
1668,CBA,3379
1669,CBA,3342
1670,SF,8877
1671,SF,8425
1672,BA,6525
1673,BA,6609
1674,BA,2549
1675,MZA,3069
1676,BA,7513
1677,BA,9611
1678,CBA,9838
1679,CBA,3713
1680,SF,4312
1681,BA,8807
1682,BA,6105
1683,MZA,3298
1684,BA,7406
1685,BA,7577
1686,CBA,5513
1687,BA,8718
1688,CBA,3517
1689,SF,5185
1690,CBA,5769
1691,BA,9102
1692,BA,5123
1693,BA,2656
1694,BA,2703
1695,CBA,1689
1696,CBA,4909
1697,CBA,6690
1698,SF,1420
1699,CBA,1464
1700,SF,5074
1701,BA,3631
1702,CBA,3818
1703,SF,6186
1704,BA,9146
1705,SF,6521
1706,SF,4109
1707,MZA,7520
1708,BA,3388
1709,BA,2346
1710,MZA,5485
1711,BA,4538
1712,BA,7791
1713,CBA,7342
1714,CBA,4845
1715,BA,9819
1716,BA,4732
1717,CBA,1871
1718,CBA,1362
1719,BA,2044
1720,BA,9041
1721,CBA,6076
1722,CBA,3363
1723,MZA,6871
1724,SF,4188
1725,MZA,2957
1726,BA,7677
1727,CBA,6818
1728,CBA,7576
1729,BA,9583
1730,BA,2564
1731,BA,6017
1732,SF,4088
1733,BA,7130
1734,SF,1497
1735,MZA,3955
1736,BA,6527
1737,MZA,6543
1738,BA,6870
1739,MZA,6251
1740,CBA,5629
1741,BA,8129
1742,BA,7370
1743,BA,2461
1744,SF,1785
1745,BA,8107
1746,BA,4514
1747,BA,4335
1748,BA,2905
1749,BA,7091
1750,BA,7927
1751,BA,7813
1752,BA,7479
1753,CBA,2155
1754,BA,3742
1755,MZA,5664
1756,BA,4289
1757,BA,4746
1758,SF,8142
1759,BA,4447
1760,BA,6736
1761,BA,5780
1762,BA,1414
1763,BA,3348
1764,MZA,9487
1765,BA,1629
1766,MZA,1957
1767,SF,1324
1768,MZA,8367
1769,CBA,8850
1770,BA,7364
1771,SF,1697
1772,BA,4409
1773,BA,7364
1774,BA,5030
1775,CBA,8591
1776,SF,7436
1777,BA,1833
1778,BA,3954
1779,BA,5478
1780,SF,7738
1781,BA,2590
1782,BA,6844
1783,CBA,8317
1784,BA,3490
1785,BA,5607
1786,MZA,3221
1787,BA,8224
1788,BA,6566
1789,SF,7449
1790,BA,2361
1791,CBA,3769
1792,SF,9021
1793,MZA,8355
1794,BA,1514
1795,SF,5959
1796,BA,7146
1797,BA,3168
1798,CBA,2364
1799,MZA,3105
1800,BA,2431
1801,BA,8549
1802,SF,4268
1803,BA,4444
1804,CBA,8799
1805,CBA,5719
1806,BA,5313
1807,SF,4083
1808,SF,7754
1809,CBA,9692
1810,CBA,2009
1811,BA,8306
1812,MZA,2079
1813,CBA,7069
1814,BA,4737
1815,BA,7606
1816,SF,7874
1817,SF,6991
1818,BA,4555
1819,BA,1355
1820,BA,8971
1821,BA,2736
1822,MZA,4852
1823,MZA,3598
1824,CBA,9677
1825,BA,2034
1826,BA,6120
1827,SF,3082
1828,SF,5081
1829,CBA,3430
1830,BA,2096
1831,BA,1967
1832,BA,3394
1833,MZA,4083
1834,BA,5066
1835,BA,5851
1836,BA,3418
1837,CBA,2765
1838,BA,3105
1839,MZA,7042
1840,BA,6306
1841,BA,1645
1842,BA,3292
1843,BA,6540
1844,BA,9596
1845,CBA,8348
1846,BA,1859
1847,BA,9201
1848,BA,9064
1849,CBA,4278
1850,BA,7031
1851,SF,5610
1852,CBA,6480
1853,BA,8399
1854,BA,2846
1855,BA,4511
1856,BA,9373
1857,BA,7366
1858,BA,5675
1859,BA,1183
1860,MZA,2593
1861,BA,2246
1862,BA,3323
1863,BA,8807
1864,BA,5424
1865,CBA,4530
1866,BA,8630
1867,BA,5601
1868,CBA,4081
1869,CBA,4793
1870,BA,9922
1871,BA,6681
1872,BA,3418
1873,CBA,3255
1874,MZA,1700
1875,BA,3285
1876,SF,9512
1877,CBA,6486
1878,BA,4589
1879,CBA,3551
1880,CBA,6022
1881,SF,4129
1882,BA,2098
1883,BA,1173
1884,BA,1686
1885,MZA,8759
1886,SF,9033
1887,BA,2359
1888,CBA,4954
1889,BA,7727
1890,BA,2132
1891,BA,5148
1892,CBA,1652
1893,CBA,4262
1894,BA,7172
1895,BA,4747
1896,SF,1387
1897,BA,9904
1898,BA,2096
1899,BA,3253
1900,BA,8308
1901,BA,7770
1902,CBA,7401
1903,BA,9692
1904,BA,4091
1905,BA,3393
1906,SF,3698
1907,CBA,1977
1908,BA,7402
1909,CBA,3576
1910,CBA,7837
1911,CBA,5544
1912,BA,6048
1913,BA,8689
1914,BA,5122
1915,MZA,6311
1916,CBA,5563
1917,CBA,4112
1918,CBA,2920
1919,CBA,9142
1920,BA,3397
1921,CBA,1053
1922,BA,9374
1923,BA,8804
1924,BA,1892
1925,SF,3087
1926,MZA,1161
1927,BA,4776
1928,CBA,3485
1929,CBA,9875
1930,MZA,8966
1931,BA,3843
1932,BA,7335
1933,BA,8250
1934,CBA,4360
1935,BA,9315
1936,SF,7187
1937,SF,5491
1938,CBA,4998
1939,BA,7241
1940,BA,5176
1941,BA,4590
1942,CBA,4745
1943,CBA,5102
1944,BA,8141
1945,SF,9528
1946,BA,5722
1947,BA,2262
1948,SF,7044
1949,BA,5461
1950,SF,3736
1951,BA,8576
1952,BA,1692
1953,MZA,7471
1954,BA,7638
1955,BA,1596
1956,BA,7268
1957,BA,4531
1958,SF,5947
1959,BA,7541
1960,CBA,1841
1961,MZA,6743
1962,MZA,6812
1963,CBA,4169
1964,MZA,1981
1965,BA,7609
1966,SF,7028
1967,SF,9420
1968,CBA,7191
1969,CBA,2526
1970,BA,3178
1971,BA,4450
1972,MZA,2082
1973,BA,6615
1974,SF,6349
1975,BA,5018
1976,SF,9173
1977,BA,4663
1978,SF,7760
1979,BA,8883
1980,SF,7786
1981,MZA,8971
1982,MZA,4852
1983,BA,7174
1984,BA,9071
1985,MZA,3909
1986,BA,1662
1987,SF,1647
1988,SF,5379
1989,CBA,2064
1990,CBA,9133
1991,CBA,8744
1992,BA,7848
1993,SF,3436
1994,BA,8355
1995,BA,4919
1996,BA,4436
1997,CBA,2082
1998,BA,7512
1999,BA,1121
2000,MZA,1688
2001,BA,7846
2002,SF,6524
2003,BA,9273
2004,BA,8126
2005,BA,1729
2006,BA,7836
2007,MZA,8360
2008,BA,7468
2009,BA,7504
2010,BA,1267
2011,SF,9136
2012,BA,6383
2013,BA,6386
2014,MZA,3769
2015,CBA,6921
2016,SF,2248
2017,SF,2857
2018,BA,8884
2019,SF,4101
2020,MZA,3658
2021,BA,1488
2022,SF,3744
2023,CBA,4715
2024,CBA,4262
2025,BA,7103
2026,BA,2572
2027,CBA,6582
2028,CBA,5807
2029,SF,7219
2030,BA,9163
2031,CBA,4027
2032,SF,2857
2033,MZA,2291
2034,BA,5874
2035,SF,5408
2036,BA,1696
2037,SF,5056
2038,BA,8705
2039,CBA,7683
2040,CBA,9971
2041,BA,6640
2042,BA,5080
2043,CBA,7644
2044,CBA,5076
2045,CBA,7467
2046,MZA,2814
2047,BA,3019
2048,BA,8264
2049,SF,4977
2050,BA,8099
2051,BA,7773
2052,SF,1225
2053,SF,5967
2054,BA,3628
2055,BA,7300
2056,MZA,5385
2057,BA,7614
2058,BA,9682
2059,CBA,7876
2060,BA,7960
2061,CBA,6847
2062,BA,6507
2063,BA,8058
2064,BA,7729
2065,BA,9987
2066,CBA,1599
2067,BA,4425
2068,BA,1723
2069,CBA,9020
2070,SF,5549
2071,BA,1440
2072,MZA,3819
2073,BA,3172
2074,BA,1515
2075,CBA,8074
2076,CBA,7136
2077,BA,4469
2078,BA,5360
2079,CBA,8422
2080,SF,8357
2081,BA,1328
2082,BA,3077
2083,BA,7465
2084,BA,1831
2085,SF,6556
2086,BA,3921
2087,BA,9486
2088,CBA,6273
2089,BA,1447
2090,SF,2328
2091,CBA,1937
2092,CBA,9257
2093,SF,9847
2094,BA,9215
2095,BA,1430
2096,CBA,6594
2097,BA,7188
2098,BA,6269
2099,CBA,1686
2100,CBA,4938
2101,CBA,1278
2102,BA,7417
2103,SF,5286
2104,MZA,5079
2105,BA,7548
2106,BA,5835
2107,BA,1339
2108,SF,4504
2109,BA,5777
2110,BA,4753
2111,BA,2386
2112,BA,4700
2113,BA,6432
2114,BA,1615
2115,CBA,4423
2116,BA,7467
2117,SF,9621
2118,CBA,4950
2119,CBA,6292
2120,BA,9272
2121,SF,9592
2122,BA,6481
2123,BA,7181
2124,BA,2961
2125,MZA,3194
2126,BA,2783
2127,BA,1432
2128,SF,4532
2129,BA,7852
2130,BA,1702
2131,CBA,8133
2132,BA,1294
2133,MZA,7518
2134,SF,2190
2135,MZA,6579
2136,BA,2782
2137,CBA,4454
2138,SF,1081
2139,MZA,9660
2140,BA,1874
2141,CBA,2062
2142,BA,3713
2143,SF,7158
2144,SF,2468
2145,BA,3407
2146,CBA,3869
2147,BA,1897
2148,CBA,2928
2149,SF,6070
2150,MZA,6337
2151,CBA,5664
2152,SF,6592
2153,BA,8113
2154,BA,7667
2155,MZA,2609
2156,SF,5127
2157,SF,9339
2158,CBA,1016
2159,CBA,2025
2160,BA,4167
2161,SF,5575
2162,BA,8424
2163,SF,7736
2164,BA,1275
2165,BA,8356
2166,CBA,1318
2167,SF,7299
2168,MZA,7509
2169,CBA,8436
2170,BA,4319
2171,MZA,8606
2172,BA,1007
2173,BA,3168
2174,BA,4575
2175,BA,1805
2176,SF,9360
2177,MZA,4874
2178,BA,3322
2179,CBA,1229
2180,CBA,4168
2181,BA,9049
2182,BA,9442
2183,BA,8366
2184,BA,7599
2185,BA,7636
2186,SF,9857
2187,BA,6372
2188,BA,2718
2189,BA,2191
2190,BA,4853
2191,CBA,3078
2192,SF,9884
2193,MZA,5884
2194,SF,2376
2195,BA,8231
2196,BA,7397
2197,BA,5503
2198,SF,9108
2199,BA,9287
2200,CBA,9092
2201,SF,7530
2202,CBA,1489
2203,SF,8481
2204,BA,6613
2205,BA,4213
2206,BA,3180
2207,CBA,6573
2208,BA,8918
2209,MZA,7613
2210,SF,2674
2211,SF,7049
2212,BA,6314
2213,CBA,4181
2214,CBA,8884
2215,BA,5409
2216,BA,6328
2217,BA,3842
2218,CBA,4901
2219,BA,3452
2220,BA,7273
2221,MZA,3156
2222,BA,7589
2223,SF,6315
2224,BA,3745
2225,BA,9869
2226,CBA,3912
2227,BA,6444
2228,BA,7103
2229,CBA,6340
2230,BA,9548
2231,CBA,5651
2232,BA,9038
2233,BA,5795
2234,BA,7042
2235,BA,3190
2236,SF,5994
2237,BA,7805
2238,BA,9724
2239,SF,3899
2240,SF,5352
2241,BA,2478
2242,SF,2675
2243,BA,3876
2244,BA,4049
2245,BA,7749
2246,MZA,5967
2247,CBA,5006
2248,BA,9013
2249,CBA,5049
2250,CBA,3956
2251,CBA,8211
2252,BA,9634
2253,CBA,9502
2254,BA,1889
2255,BA,8628
2256,BA,7098
2257,BA,4309
2258,BA,6254
2259,BA,1374
2260,CBA,2515
2261,BA,1080
2262,MZA,2522
2263,BA,4395
2264,BA,1876
2265,CBA,7597
2266,BA,8315
2267,CBA,4507
2268,BA,9784
2269,CBA,5621
2270,BA,9598
2271,MZA,3459
2272,BA,6733
2273,SF,3100
2274,SF,5513
2275,BA,7346
2276,SF,3558
2277,BA,3653
2278,BA,8259
2279,BA,3072
2280,BA,1124
2281,CBA,1276
2282,MZA,7038
2283,SF,7094
2284,BA,3242
2285,BA,2941
2286,BA,2644
2287,BA,9919
2288,BA,1499
2289,MZA,9329
2290,BA,6441
2291,MZA,5919
2292,SF,1285
2293,BA,8320
2294,CBA,2974
2295,BA,8200
2296,SF,2049
2297,BA,5358
2298,BA,2111
2299,BA,5133
2300,BA,5416
2301,BA,5186
2302,BA,7471
2303,MZA,8589
2304,CBA,2672
2305,MZA,1804
2306,BA,8158
2307,BA,2866
2308,SF,1431
2309,BA,2458
2310,BA,2557
2311,MZA,3401
2312,BA,9326
2313,SF,9767
2314,BA,8214
2315,BA,5251
2316,BA,3946
2317,BA,2376
2318,BA,9268
2319,BA,5376
2320,CBA,2843
2321,BA,8987
2322,CBA,7183
2323,BA,3977
2324,CBA,7165
2325,BA,5352
2326,BA,6538
2327,BA,5509
2328,BA,9759
2329,BA,3252
2330,BA,7961
2331,CBA,2850
2332,BA,2768
2333,BA,5073
2334,MZA,6446
2335,MZA,5295
2336,CBA,5737
2337,BA,8933
2338,SF,9957
2339,MZA,2587
2340,BA,6348
2341,MZA,9821
2342,CBA,6105
2343,BA,6137
2344,BA,1959
2345,MZA,2857
2346,BA,4393
2347,BA,6368
2348,CBA,5933
2349,BA,7165
2350,CBA,9151
2351,BA,6156
2352,SF,8382
2353,SF,7965
2354,BA,4019
2355,BA,6685
2356,MZA,3865
2357,BA,6089
2358,BA,2295
2359,BA,9739
2360,CBA,8775
2361,MZA,2296
2362,CBA,3210
2363,SF,3697
2364,BA,4735
2365,BA,6740
2366,BA,3021
2367,CBA,5396
2368,BA,5672
2369,BA,4171
2370,MZA,2390
2371,BA,3725
2372,BA,2192
2373,BA,5045
2374,BA,6324
2375,BA,4760
2376,BA,8217
2377,BA,5568
2378,BA,1876
2379,BA,4562
2380,CBA,4947
2381,BA,9828
2382,SF,1998
2383,MZA,8853
2384,BA,1596
2385,SF,3867
2386,BA,3666
2387,BA,1492
2388,MZA,4474
2389,BA,3879
2390,BA,7216
2391,BA,7328
2392,BA,2522
2393,BA,4997
2394,CBA,4194
2395,BA,1059
2396,CBA,7063
2397,MZA,6429
2398,MZA,7915
2399,BA,2479
2400,MZA,7534
2401,SF,7017
2402,SF,3307
2403,BA,7363
2404,SF,8741
2405,MZA,1501
2406,SF,8446
2407,BA,3174
2408,SF,7228
2409,BA,3280
2410,SF,8545
2411,BA,8999
2412,BA,5592
2413,CBA,3900
2414,BA,8360
2415,SF,6678
2416,BA,1047
2417,BA,1815
2418,CBA,8526
2419,BA,6375
2420,BA,3636
2421,CBA,7381
2422,MZA,6757
2423,CBA,1016
2424,SF,2324
2425,CBA,4270
2426,BA,1075
2427,BA,6361
2428,BA,7769
2429,CBA,5571
2430,SF,8768
2431,SF,1581
2432,BA,4633
2433,BA,5194
2434,SF,7645
2435,MZA,4174
2436,BA,9964
2437,MZA,7650
2438,BA,5533
2439,BA,7505
2440,BA,6317
2441,BA,4826
2442,MZA,1312
2443,BA,3902
2444,CBA,2362
2445,MZA,6854
2446,BA,6525
2447,SF,8211
2448,BA,4133
2449,BA,1459
2450,CBA,4542
2451,SF,1049
2452,BA,2055
2453,BA,3855
2454,BA,3400
2455,BA,1213
2456,BA,8196
2457,BA,3053
2458,CBA,4686
2459,BA,6375
2460,BA,4481
2461,BA,8526
2462,BA,4585
2463,BA,1652
2464,SF,9362
2465,BA,8275
2466,SF,8479
2467,SF,4048
2468,BA,7475
2469,BA,3317
2470,BA,8591
2471,CBA,6640
2472,BA,3756
2473,CBA,9556
2474,CBA,2743
2475,BA,6127
2476,CBA,7254
2477,BA,9765
2478,BA,3824
2479,BA,3754
2480,BA,9792
2481,CBA,5128
2482,BA,9599
2483,BA,1167
2484,CBA,1830
2485,MZA,8191
2486,BA,1678
2487,BA,7485
2488,BA,8208
2489,BA,3163
2490,CBA,2212
2491,BA,2955
2492,BA,7420
2493,BA,1229
2494,BA,8544
2495,BA,6931
2496,BA,8224
2497,BA,7829
2498,BA,4109
2499,SF,5841
2500,BA,5367
2501,BA,2607
2502,BA,5319
2503,BA,8551
2504,SF,4684
2505,BA,2289
2506,SF,5375
2507,SF,9181
2508,SF,6496
2509,BA,5437
2510,BA,8059
2511,MZA,7061
2512,BA,9323
2513,SF,7081
2514,BA,8425
2515,BA,7304
2516,MZA,5060
2517,MZA,1914
2518,CBA,1491
2519,CBA,3736
2520,MZA,2513
2521,BA,3887
2522,SF,1796
2523,BA,9667
2524,SF,8421
2525,CBA,8668
2526,BA,3498
2527,MZA,1595
2528,MZA,6065
2529,BA,5933
2530,MZA,9099
2531,MZA,6751
2532,BA,8940
2533,BA,4844
2534,BA,9555
2535,BA,6800
2536,BA,1569
2537,BA,7374
2538,SF,1632
2539,BA,4641
2540,CBA,8122
2541,BA,8251
2542,BA,3644
2543,BA,6670
2544,MZA,3926
2545,BA,7088
2546,MZA,9709
2547,BA,1103
2548,CBA,3432
2549,SF,1939
2550,SF,6986
2551,BA,6217
2552,CBA,5385
2553,BA,1277
2554,CBA,8386
2555,BA,1297
2556,BA,2574
2557,CBA,4991
2558,MZA,7651
2559,CBA,7985
2560,SF,8173
2561,CBA,9924
2562,BA,4326
2563,CBA,1505
2564,CBA,3371
2565,BA,8967
2566,BA,8863
2567,CBA,7482
2568,BA,8337
2569,MZA,7989
2570,BA,6783
2571,CBA,5462
2572,BA,6867
2573,CBA,7077
2574,CBA,9667
2575,BA,2283
2576,CBA,6712
2577,BA,5786
2578,BA,7480
2579,SF,5670
2580,CBA,3393
2581,BA,4580
2582,CBA,3583
2583,MZA,2886
2584,SF,4157
2585,CBA,3058
2586,BA,5987
2587,MZA,3317
2588,BA,7446
2589,BA,8722
2590,CBA,2126
2591,CBA,7497
2592,BA,1787
2593,BA,1548
2594,BA,4406
2595,BA,9264
2596,SF,3307
2597,BA,8983
2598,SF,5949
2599,SF,1768
2600,BA,6543
2601,BA,9524
2602,CBA,6409
2603,CBA,1359
2604,BA,8008
2605,BA,6691
2606,BA,4450
2607,BA,8989
2608,BA,3081
2609,BA,8441
2610,MZA,1958
2611,SF,2664
2612,CBA,2734
2613,MZA,9795
2614,BA,9286
2615,BA,7312
2616,SF,5053
2617,BA,2633
2618,BA,4861
2619,MZA,2211
2620,SF,3474
2621,BA,6215
2622,BA,5170
2623,BA,5739
2624,BA,5270
2625,SF,9840
2626,BA,5992
2627,SF,1192
2628,BA,9314
2629,BA,5216
2630,BA,7784
2631,BA,3621
2632,CBA,9892
2633,BA,3583
2634,CBA,1688
2635,CBA,5003
2636,CBA,3947
2637,BA,6564
2638,BA,1714
2639,CBA,3896
2640,BA,9378
2641,CBA,9778
2642,MZA,9697
2643,BA,3188
2644,BA,8245
2645,BA,7581
2646,MZA,3118
2647,BA,3372
2648,BA,1745
2649,BA,8956
2650,MZA,3513
2651,CBA,3635
2652,CBA,8077
2653,BA,1088
2654,MZA,9912
2655,BA,6351
2656,BA,6820
2657,CBA,1977
2658,BA,4998
2659,BA,4339
2660,SF,9885
2661,BA,2780
2662,MZA,4295
2663,CBA,6723
2664,BA,1324
2665,MZA,7922
2666,SF,5364
2667,SF,7713
2668,BA,9736
2669,BA,1272
2670,CBA,3798
2671,CBA,6047
2672,CBA,8129
2673,SF,8291
2674,CBA,2031
2675,CBA,8492
2676,CBA,7645
2677,BA,2843
2678,BA,4379
2679,CBA,9744
2680,BA,1162
2681,MZA,8515
2682,BA,9918
2683,BA,1008
2684,SF,6404
2685,BA,5291
2686,CBA,7071
2687,BA,7607
2688,CBA,6856
2689,BA,9869
2690,BA,2938
2691,BA,8007
2692,SF,5964
2693,BA,6618
2694,CBA,7190
2695,SF,8826
2696,BA,1129
2697,BA,9174
2698,BA,7100
2699,CBA,6120
2700,BA,4574
2701,BA,7461
2702,CBA,3345
2703,BA,6677
2704,BA,3964
2705,BA,7653
2706,MZA,8350
2707,BA,6054
2708,BA,6998
2709,BA,2837
2710,BA,4267
2711,BA,9000
2712,BA,7902
2713,SF,7997
2714,BA,6777
2715,BA,4013
2716,CBA,7694
2717,SF,9386
2718,BA,4080
2719,BA,8253
2720,MZA,4677
2721,SF,7161
2722,BA,1605
2723,BA,1277
2724,MZA,9852
2725,CBA,7387
2726,CBA,7073
2727,BA,9518
2728,MZA,3350
2729,BA,3255
2730,BA,1235
2731,SF,5356
2732,BA,2359
2733,CBA,8117
2734,BA,9827
2735,BA,2726
2736,BA,7929
2737,BA,9267
2738,SF,4197
2739,CBA,2307
2740,BA,3202
2741,BA,9701
2742,SF,5643
2743,BA,4384
2744,BA,7587
2745,MZA,5019
2746,BA,9921
2747,MZA,8378
2748,BA,4046
2749,BA,7437
2750,CBA,8486
2751,SF,7715
2752,BA,7188
2753,BA,8566
2754,CBA,7710
2755,BA,3217
2756,MZA,4416
2757,BA,5433
2758,BA,1354
2759,CBA,1058
2760,BA,5417
2761,SF,9808
2762,BA,1348
2763,SF,1575
2764,BA,9310
2765,BA,9388
2766,CBA,1228
2767,BA,6719
2768,BA,7486
2769,BA,4811
2770,CBA,1119
2771,SF,5458
2772,CBA,1974
2773,CBA,5539
2774,MZA,3474
2775,MZA,7114
2776,MZA,5342
2777,BA,1580
2778,BA,4524
2779,BA,1918
2780,SF,7784
2781,BA,1163
2782,BA,9108
2783,BA,8560
2784,BA,2788
2785,BA,2238
2786,BA,5576
2787,SF,8765
2788,BA,4695
2789,BA,7509
2790,BA,3325
2791,CBA,1370
2792,CBA,3138
2793,BA,3194
2794,MZA,2834
2795,BA,6237
2796,CBA,5678
2797,SF,3079
2798,BA,6111
2799,BA,2794
2800,BA,5927
2801,BA,4233
2802,MZA,5430
2803,MZA,9647
2804,BA,3755
2805,MZA,1238
2806,MZA,1337
2807,BA,8429
2808,CBA,2987
2809,BA,3494
2810,BA,1732
2811,BA,9972
2812,BA,1377
2813,BA,5002
2814,BA,7051
2815,BA,4098
2816,SF,6307
2817,BA,5102
2818,CBA,3429
2819,BA,3281
2820,MZA,9410
2821,CBA,1551
2822,BA,3227
2823,BA,4641
2824,MZA,2551
2825,MZA,7859
2826,CBA,5699
2827,BA,4589
2828,BA,4969
2829,BA,4285
2830,CBA,3049
2831,CBA,9155
2832,BA,7255
2833,MZA,4584
2834,BA,4876
2835,BA,3439
2836,BA,9761
2837,BA,8517
2838,BA,6752
2839,MZA,7697
2840,BA,3615
2841,CBA,9360
2842,BA,6131
2843,SF,7199
2844,BA,5141
2845,BA,5528
2846,CBA,4204
2847,CBA,8029
2848,BA,2061
2849,BA,7638
2850,SF,3977
2851,BA,2347
2852,BA,6094
2853,BA,1866
2854,BA,1810
2855,BA,8779
2856,BA,7798
2857,SF,9312
2858,BA,6974
2859,CBA,6532
2860,BA,9562
2861,BA,8666
2862,MZA,8700
2863,BA,5117
2864,BA,4714
2865,BA,5698
2866,BA,9200
2867,BA,3211
2868,SF,7298
2869,CBA,1326
2870,SF,5028
2871,CBA,7661
2872,SF,4564
2873,BA,4471
2874,CBA,9247
2875,BA,2222
2876,BA,2167
2877,BA,7623
2878,BA,2531
2879,BA,3547
2880,BA,5043
2881,BA,8357
2882,BA,9155
2883,BA,8567
2884,BA,8129
2885,SF,6867
2886,BA,3007
2887,BA,8883
2888,BA,4042
2889,BA,3966
2890,BA,9652
2891,MZA,1748
2892,BA,4389
2893,BA,8796
2894,CBA,9256
2895,CBA,4829
2896,BA,6682
2897,CBA,2373
2898,CBA,4143
2899,BA,9188
2900,BA,4952
2901,BA,8461
2902,BA,8899
2903,BA,7978
2904,MZA,3582
2905,BA,1530
2906,BA,3935
2907,BA,2567
2908,BA,7919
2909,BA,2317
2910,MZA,1539
2911,CBA,5158
2912,BA,8267
2913,MZA,7515
2914,BA,2781
2915,CBA,9081
2916,BA,4640
2917,CBA,8052
2918,BA,5976
2919,MZA,1383
2920,CBA,7859
2921,MZA,2692
2922,MZA,2273
2923,SF,5244
2924,CBA,6709
2925,BA,2101
2926,BA,4706
2927,BA,4410
2928,SF,7457
2929,CBA,9820
2930,BA,8279
2931,SF,1924
2932,BA,8533
2933,CBA,3986
2934,CBA,3169
2935,BA,4803
2936,BA,9334
2937,BA,2973
2938,SF,9733
2939,BA,2734
2940,BA,2541
2941,BA,5907
2942,CBA,3288
2943,BA,3151
2944,MZA,6264
2945,SF,9892
2946,BA,4423
2947,SF,2560
2948,SF,8099
2949,BA,9639
2950,BA,8828
2951,BA,7519
2952,BA,6224
2953,BA,3828
2954,SF,7647
2955,SF,4091
2956,SF,5025
2957,BA,1220
2958,BA,7529
2959,BA,4181
2960,BA,2226
2961,CBA,4289
2962,CBA,2422
2963,BA,8559
2964,CBA,7848
2965,BA,9613
2966,BA,4274
2967,BA,2823
2968,MZA,5638
2969,MZA,7374
2970,BA,3927
2971,BA,1518
2972,SF,1737
2973,SF,9382
2974,BA,3825
2975,CBA,8295
2976,BA,5401
2977,BA,8350
2978,BA,7201
2979,BA,3833
2980,BA,1052
2981,BA,3857
2982,BA,1532
2983,BA,5992
2984,SF,4639
2985,BA,1839
2986,CBA,7809
2987,SF,7621
2988,MZA,9510
2989,SF,3443
2990,BA,9470
2991,BA,1334
2992,MZA,1598
2993,CBA,4461
2994,BA,7628
2995,CBA,7891
2996,SF,1264
2997,BA,9231
2998,CBA,4348
2999,CBA,7550
3000,CBA,3261
3001,SF,2273
3002,SF,4374
3003,SF,8775
3004,MZA,9790
3005,BA,4343
3006,BA,5299
3007,BA,2427
3008,MZA,5624
3009,SF,3943
3010,CBA,5234
3011,BA,5019
3012,CBA,7787
3013,BA,4633
3014,BA,7219
3015,SF,6383
3016,BA,3557
3017,CBA,9407
3018,BA,3461
3019,BA,5901
3020,BA,4012
3021,CBA,7930
3022,CBA,7421
3023,BA,2966
3024,BA,5597
3025,BA,5146
3026,MZA,1179
3027,SF,4521
3028,CBA,6967
3029,BA,1963
3030,CBA,4969
3031,BA,4642
3032,BA,1266
3033,SF,2947
3034,SF,5529
3035,BA,7244
3036,SF,3119
3037,CBA,1827
3038,BA,3110
3039,BA,3898
3040,SF,9981
3041,BA,9117
3042,CBA,5047
3043,BA,2567
3044,BA,3065
3045,BA,8641
3046,BA,1553
3047,CBA,1273
3048,BA,3169
3049,CBA,5868
3050,CBA,3479
3051,BA,7989
3052,CBA,3049
3053,MZA,1070
3054,BA,7692
3055,BA,3505
3056,SF,5220
3057,CBA,8899
3058,SF,9124
3059,CBA,7865
3060,SF,2162
3061,BA,5886
3062,SF,5438
3063,BA,6164
3064,MZA,2168
3065,CBA,4914
3066,SF,7283
3067,MZA,9337
3068,BA,6258
3069,BA,2916
3070,BA,1185
3071,SF,9840
3072,MZA,3919
3073,SF,3626
3074,BA,1344
3075,BA,6536
3076,MZA,4337
3077,BA,8674
3078,BA,8985
3079,BA,1672
3080,CBA,4643
3081,BA,2576
3082,BA,3670
3083,BA,1529
3084,MZA,4700
3085,CBA,5854
3086,CBA,4222
3087,BA,6553
3088,CBA,7675
3089,BA,4802
3090,BA,1269
3091,BA,9469
3092,BA,7484
3093,BA,8027
3094,SF,4544
3095,CBA,3345
3096,BA,8537
3097,CBA,4058
3098,BA,8593
3099,MZA,5478
3100,BA,6396
3101,BA,9978
3102,BA,6409
3103,MZA,3447
3104,BA,7224
3105,BA,9876
3106,BA,7907
3107,BA,1445
3108,BA,2477
3109,BA,9627
3110,CBA,2229
3111,BA,1927
3112,MZA,8660
3113,BA,9596
3114,BA,8039
3115,BA,9108
3116,CBA,7131
3117,BA,8766
3118,BA,3686
3119,CBA,3353
3120,BA,5736
3121,BA,7468
3122,BA,8756
3123,CBA,3305
3124,BA,5118
3125,BA,5806
3126,BA,1148
3127,BA,3078
3128,BA,4305
3129,MZA,5658
3130,BA,3101
3131,BA,9294
3132,MZA,8257
3133,BA,6489
3134,BA,2389
3135,CBA,9127
3136,BA,8012
3137,BA,1225
3138,BA,7611
3139,MZA,5378
3140,CBA,8936
3141,CBA,1563
3142,SF,3341
3143,SF,4644
3144,SF,2709
3145,CBA,1066
3146,BA,3252
3147,SF,3647
3148,BA,9411
3149,BA,1947
3150,CBA,7298
3151,MZA,7566
3152,BA,1401
3153,BA,4158
3154,BA,2955
3155,SF,7294
3156,BA,8366
3157,BA,6283
3158,SF,5174
3159,BA,6530
3160,SF,6855
3161,BA,3869
3162,SF,5851
3163,BA,1278
3164,SF,8415
3165,MZA,5387
3166,MZA,6452
3167,BA,2133
3168,BA,8792
3169,SF,3504
3170,BA,9628
3171,BA,9063
3172,MZA,5115
3173,SF,1017
3174,CBA,4821
3175,BA,1287
3176,BA,8209
3177,BA,2862
3178,BA,4300
3179,BA,9426
3180,BA,3757
3181,BA,5586
3182,BA,8265
3183,CBA,2416
3184,BA,5831
3185,SF,9990
3186,MZA,4605
3187,BA,3805
3188,BA,6183
3189,SF,1911
3190,BA,2156
3191,BA,9923
3192,CBA,9424
3193,BA,5956
3194,BA,9282
3195,CBA,3548
3196,CBA,2782
3197,BA,2445
3198,SF,2610
3199,SF,1600
3200,BA,3358
3201,CBA,5977
3202,MZA,6372
3203,BA,6543
3204,CBA,3798
3205,BA,8208
3206,BA,9463
3207,CBA,9341
3208,BA,1842
3209,SF,9777
3210,BA,1613
3211,SF,4803
3212,SF,5315
3213,MZA,8000
3214,SF,8860
3215,SF,6997
3216,CBA,8195
3217,BA,3239
3218,SF,3681
3219,BA,2130
3220,BA,7374
3221,MZA,5171
3222,BA,9925
3223,CBA,7958
3224,BA,9415
3225,BA,4734
3226,SF,5180
3227,BA,3054
3228,BA,7959
3229,MZA,4066
3230,CBA,3017
3231,MZA,6135
3232,MZA,3189
3233,BA,8171
3234,CBA,2536
3235,SF,5523
3236,BA,5019
3237,BA,3295
3238,SF,3101
3239,BA,6486
3240,CBA,7154
3241,SF,9971
3242,BA,5441
3243,MZA,3958
3244,MZA,4951
3245,BA,7124
3246,BA,5271
3247,BA,3195
3248,BA,9119
3249,BA,9225
3250,BA,6112
3251,CBA,8096
3252,BA,9991
3253,BA,7934
3254,BA,3339
3255,SF,7099
3256,BA,1864
3257,BA,1309
3258,MZA,2570
3259,SF,2689
3260,BA,2563
3261,BA,3109
3262,SF,3137
3263,CBA,2566
3264,SF,4425
3265,CBA,3974
3266,BA,6497
3267,CBA,9201
3268,BA,3838
3269,CBA,1893
3270,BA,6906
3271,CBA,3909
3272,MZA,5382
3273,SF,7824
3274,BA,7624
3275,BA,4822
3276,BA,5093
3277,BA,5879
3278,BA,4219
3279,MZA,7730
3280,BA,7765
3281,BA,4872
3282,SF,9193
3283,BA,1478
3284,BA,8725
3285,SF,8896
3286,MZA,4407
3287,BA,8242
3288,BA,7366
3289,BA,8536
3290,CBA,4526
3291,SF,3974
3292,CBA,7717
3293,MZA,4579
3294,BA,3782
3295,SF,5458
3296,SF,5454
3297,BA,5483
3298,SF,2451
3299,MZA,2210
3300,MZA,2360
3301,BA,7832
3302,BA,5037
3303,BA,5953
3304,BA,2223
3305,BA,2633
3306,MZA,2620
3307,SF,6069
3308,MZA,9532
3309,SF,9742
3310,SF,4491
3311,BA,8023
3312,CBA,5942
3313,CBA,5087
3314,BA,2350
3315,BA,4039
3316,BA,6294
3317,SF,6952
3318,BA,9529
3319,MZA,9301
3320,MZA,8089
3321,BA,9271
3322,SF,8465
3323,BA,5243
3324,SF,5817
3325,BA,3949
3326,BA,1056
3327,BA,8960
3328,BA,9216
3329,BA,3426
3330,BA,8717
3331,SF,1523
3332,BA,4738
3333,SF,6151
3334,BA,1125
3335,BA,8608
3336,BA,5916
3337,CBA,6454
3338,SF,8692
3339,BA,1596
3340,BA,7316
3341,SF,4724
3342,CBA,5105
3343,SF,6438
3344,BA,1341
3345,SF,8043
3346,CBA,1242
3347,BA,4941
3348,BA,7538
3349,BA,5896
3350,BA,4185
3351,CBA,5845
3352,BA,4017
3353,CBA,1522
3354,BA,6603
3355,MZA,6166
3356,BA,7206
3357,BA,4488
3358,CBA,6879
3359,MZA,9607
3360,BA,7427
3361,MZA,2625
3362,BA,5948
3363,BA,3885
3364,BA,3067
3365,SF,9193
3366,BA,7848
3367,CBA,4467
3368,CBA,1033
3369,CBA,2629
3370,BA,9064
3371,BA,8364
3372,BA,4839
3373,MZA,5667
3374,BA,2937
3375,MZA,2315
3376,MZA,1957
3377,BA,3623
3378,BA,7664
3379,SF,2134
3380,BA,7330
3381,CBA,4250
3382,BA,7202
3383,CBA,9158
3384,BA,1656
3385,MZA,4986
3386,BA,7225
3387,BA,9042
3388,BA,6584
3389,MZA,1496
3390,SF,8062
3391,SF,3999
3392,BA,7426
3393,MZA,9377
3394,CBA,7022
3395,BA,3123
3396,BA,7909
3397,SF,6235
3398,CBA,3268
3399,BA,1071
3400,BA,5700
3401,MZA,2904
3402,BA,4771
3403,BA,4981
3404,BA,6188
3405,CBA,1192
3406,BA,4284
3407,BA,9247
3408,BA,7928
3409,CBA,9171
3410,CBA,5686
3411,SF,7869
3412,CBA,7055
3413,MZA,2268
3414,SF,9693
3415,BA,5683
3416,CBA,2046
3417,BA,6409
3418,BA,8820
3419,BA,1196
3420,MZA,2802
3421,SF,1609
3422,SF,8925
3423,BA,9476
3424,BA,6836
3425,BA,1682
3426,SF,5187
3427,CBA,8204
3428,BA,5625
3429,BA,6491
3430,BA,8008
3431,BA,9444
3432,BA,4636
3433,BA,3696
3434,BA,4908
3435,SF,3049
3436,CBA,8784
3437,BA,3297
3438,BA,4250
3439,SF,2199
3440,SF,5755
3441,BA,8324
3442,BA,2774
3443,BA,8458
3444,BA,9585
3445,BA,3495
3446,MZA,4215
3447,CBA,5233
3448,MZA,5661
3449,CBA,2872
3450,MZA,1718
3451,BA,3204
3452,BA,6509
3453,SF,6868
3454,SF,8733
3455,SF,7346
3456,CBA,9107
3457,SF,6085
3458,BA,3105
3459,BA,1813
3460,BA,1394
3461,SF,7564
3462,CBA,4556
3463,CBA,1617
3464,BA,9536
3465,CBA,6503
3466,BA,4770
3467,MZA,7958
3468,BA,9386
3469,BA,5965
3470,SF,2206
3471,BA,1137
3472,BA,3285
3473,CBA,4813
3474,MZA,7644
3475,BA,7522
3476,CBA,9925
3477,MZA,3645
3478,MZA,8082
3479,BA,8332
3480,BA,8598
3481,CBA,3221
3482,BA,6287
3483,BA,9719
3484,BA,7349
3485,BA,6775
3486,BA,2870
3487,BA,1071
3488,BA,6727
3489,MZA,4214
3490,BA,2045
3491,BA,1376
3492,CBA,4720
3493,BA,7298
3494,SF,3229
3495,SF,6955
3496,BA,9107
3497,SF,7684
3498,BA,6929
3499,BA,5598
3500,CBA,9423
3501,CBA,6786
3502,MZA,8113
3503,SF,8548
3504,BA,4992
3505,SF,5125
3506,BA,9774
3507,BA,1522
3508,BA,1837
3509,BA,8658
3510,BA,5417
3511,CBA,2039
3512,BA,3173
3513,BA,6106
3514,BA,4809
3515,SF,2829
3516,BA,7571
3517,BA,7230
3518,SF,9124
3519,BA,2314
3520,CBA,4803
3521,BA,4603
3522,CBA,7811
3523,BA,2423
3524,SF,7969
3525,SF,9613
3526,BA,1970
3527,CBA,4848
3528,MZA,1532
3529,CBA,8220
3530,CBA,9700
3531,BA,5780
3532,BA,7000
3533,SF,2754
3534,BA,8644
3535,CBA,1397
3536,CBA,5901
3537,BA,3568
3538,BA,3409
3539,MZA,2052
3540,BA,2366
3541,CBA,2604
3542,BA,8544
3543,SF,8984
3544,BA,7113
3545,BA,1096
3546,SF,1560
3547,CBA,9241
3548,BA,5459
3549,CBA,6701
3550,CBA,1731
3551,SF,1794
3552,BA,9937
3553,BA,6925
3554,BA,7336
3555,BA,4892
3556,CBA,5022
3557,CBA,8964
3558,BA,2323
3559,CBA,2870
3560,BA,2707
3561,BA,2318
3562,SF,8743
3563,CBA,8430
3564,BA,9208
3565,BA,7566
3566,BA,1413
3567,BA,5693
3568,BA,7238
3569,BA,4355
3570,BA,2585
3571,BA,9378
3572,BA,7810
3573,BA,9364
3574,MZA,1048
3575,BA,7579
3576,CBA,2861
3577,BA,5590
3578,BA,2543
3579,BA,8861
3580,BA,7561
3581,SF,8816
3582,CBA,3208
3583,BA,7840
3584,BA,1154
3585,BA,7683
3586,SF,8350
3587,CBA,7725
3588,BA,9610
3589,BA,9185
3590,BA,2882
3591,BA,2259
3592,CBA,1743
3593,CBA,6853
3594,BA,4840
3595,SF,3525
3596,MZA,4018
3597,CBA,2741
3598,CBA,4821
3599,BA,6215
3600,BA,1142
3601,CBA,6011
3602,SF,1526
3603,MZA,8551
3604,CBA,7561
3605,BA,8025
3606,BA,5812
3607,CBA,3797
3608,BA,7746
3609,BA,2542
3610,BA,5435
3611,CBA,5008
3612,BA,2488
3613,CBA,7824
3614,BA,6759
3615,CBA,6241
3616,SF,9332
3617,BA,6215
3618,BA,1577
3619,BA,3838
3620,CBA,5096
3621,SF,4776
3622,BA,7957
3623,BA,5913
3624,BA,7077
3625,MZA,1610
3626,BA,3893
3627,MZA,8368
3628,BA,5456
3629,SF,5642
3630,BA,1734
3631,BA,6574
3632,BA,7585
3633,BA,8487
3634,BA,8098
3635,BA,4520
3636,BA,8871
3637,BA,2254
3638,CBA,9051
3639,BA,7028
3640,CBA,6490
3641,BA,6093
3642,BA,2181
3643,SF,3037
3644,MZA,9829
3645,SF,5929
3646,MZA,5005
3647,SF,4616
3648,CBA,9999
3649,CBA,3415
3650,BA,7345
3651,BA,5157
3652,CBA,5007
3653,BA,8204
3654,BA,8315
3655,BA,7774
3656,BA,9346
3657,MZA,7133
3658,CBA,3266
3659,SF,8802
3660,BA,3462
3661,MZA,6048
3662,BA,4402
3663,BA,5550
3664,SF,4967
3665,CBA,6987
3666,BA,8042
3667,CBA,1473
3668,BA,7904
3669,BA,6150
3670,BA,5533
3671,BA,2523
3672,CBA,5598
3673,CBA,9971
3674,CBA,7621
3675,MZA,5525
3676,CBA,4046
3677,BA,4964
3678,BA,2101
3679,SF,8938
3680,BA,5150
3681,CBA,5902
3682,SF,5620
3683,BA,4697
3684,MZA,8849
3685,BA,1141
3686,BA,9757
3687,BA,2948
3688,CBA,9560
3689,CBA,6411
3690,SF,4524
3691,BA,9974
3692,CBA,4097
3693,BA,7061
3694,CBA,3840
3695,BA,2427
3696,CBA,6838
3697,BA,4109
3698,SF,2635
3699,CBA,6125
3700,BA,6333
3701,BA,3316
3702,MZA,7831
3703,CBA,7265
3704,CBA,3622
3705,BA,7838
3706,MZA,7588
3707,CBA,9668
3708,CBA,1182
3709,CBA,8468
3710,CBA,5379
3711,BA,3000
3712,CBA,6426
3713,SF,1261
3714,BA,1209
3715,SF,6588
3716,CBA,8137
3717,MZA,6394
3718,BA,9697
3719,MZA,2213
3720,BA,1377
3721,MZA,5578
3722,SF,4511
3723,BA,9536
3724,CBA,6046
3725,CBA,6925
3726,BA,2523
3727,BA,3065
3728,BA,9662
3729,SF,3732
3730,SF,9610
3731,CBA,5021
3732,BA,9768
3733,CBA,9231
3734,CBA,8858
3735,CBA,3401
3736,BA,6646
3737,CBA,5498
3738,CBA,9627
3739,CBA,2930
3740,BA,6826
3741,BA,8218
3742,CBA,6750
3743,SF,2406
3744,CBA,3068
3745,BA,8857
3746,BA,8141
3747,MZA,4342
3748,MZA,8186
3749,BA,2709
3750,BA,3527
3751,BA,3257
3752,BA,5897
3753,BA,7697
3754,CBA,3796
3755,SF,5028
3756,CBA,2463
3757,BA,7515
3758,CBA,8304
3759,CBA,9271
3760,BA,5897
3761,SF,8036
3762,CBA,8796
3763,BA,8887
3764,BA,6012
3765,MZA,2668
3766,SF,5352
3767,BA,4448
3768,CBA,2798
3769,MZA,5714
3770,BA,3187
3771,BA,5170
3772,BA,9748
3773,SF,3484
3774,SF,6636
3775,CBA,7697
3776,BA,4168
3777,BA,1298
3778,BA,5169
3779,CBA,6232
3780,MZA,7593
3781,BA,1316
3782,BA,8181
3783,MZA,9009
3784,BA,2603
3785,MZA,7950
3786,BA,4934
3787,SF,9012
3788,BA,2398
3789,BA,2219
3790,BA,6075
3791,BA,8235
3792,MZA,1844
3793,CBA,3512
3794,SF,4887
3795,SF,8031
3796,BA,5322
3797,BA,9954
3798,SF,5327
3799,BA,5590
3800,MZA,2398
3801,BA,3365
3802,BA,8283
3803,BA,5262
3804,CBA,4249
3805,BA,3768
3806,BA,7469
3807,BA,7910
3808,BA,7114
3809,BA,4039
3810,BA,1808
3811,BA,3651
3812,SF,8655
3813,BA,4779
3814,BA,1253
3815,BA,1869
3816,CBA,4077
3817,MZA,8575
3818,BA,7520
3819,SF,3854
3820,BA,7010
3821,BA,9933
3822,SF,1069
3823,BA,6538
3824,BA,2335
3825,BA,2421
3826,BA,4613
3827,SF,2334
3828,CBA,1933
3829,BA,7425
3830,BA,4916
3831,BA,8495
3832,SF,4677
3833,BA,2311
3834,SF,7884
3835,BA,5951
3836,BA,4558
3837,BA,3657
3838,BA,8820
3839,SF,7425
3840,SF,7853
3841,BA,7347
3842,BA,1170
3843,BA,1186
3844,BA,2108
3845,BA,8220
3846,BA,7656
3847,BA,2142
3848,BA,7872
3849,BA,5709
3850,BA,4764
3851,BA,5236
3852,CBA,4124
3853,BA,2480
3854,BA,7267
3855,BA,6581
3856,BA,6932
3857,MZA,8275
3858,SF,8858
3859,SF,9918
3860,BA,3765
3861,BA,7574
3862,MZA,9593
3863,BA,5122
3864,SF,8764
3865,BA,3994
3866,CBA,2287
3867,BA,3458
3868,BA,6912
3869,BA,3252
3870,BA,6235
3871,SF,5142
3872,BA,8885
3873,MZA,4304
3874,CBA,4541
3875,BA,5253
3876,BA,8953
3877,BA,8541
3878,BA,8919
3879,BA,1757
3880,SF,3069
3881,BA,4239
3882,CBA,9774
3883,MZA,2364
3884,CBA,2813
3885,MZA,3596
3886,BA,2148
3887,BA,8114
3888,BA,4236
3889,SF,7166
3890,BA,9495
3891,SF,9748
3892,CBA,1828
3893,CBA,7864
3894,BA,7643
3895,CBA,3519
3896,BA,5397
3897,MZA,2781
3898,SF,5237
3899,MZA,2077
3900,BA,8346
3901,BA,7836
3902,MZA,1325
3903,BA,7597
3904,BA,1621
3905,BA,5933
3906,BA,6211
3907,CBA,3047
3908,CBA,8092
3909,MZA,6009
3910,CBA,4473
3911,SF,4644
3912,BA,1322
3913,BA,1826
3914,MZA,5802
3915,MZA,8514
3916,BA,7549
3917,BA,2470
3918,MZA,1857
3919,BA,2166
3920,CBA,6255
3921,BA,5087
3922,MZA,5160
3923,CBA,6145
3924,BA,9436
3925,MZA,7725
3926,SF,4890
3927,BA,1680
3928,BA,9207
3929,CBA,6014
3930,CBA,1621
3931,BA,4547
3932,BA,9813
3933,BA,7678
3934,BA,7888
3935,MZA,6473
3936,SF,9585
3937,BA,5757
3938,BA,5632
3939,BA,7559
3940,MZA,2691
3941,BA,8560
3942,BA,7208
3943,BA,9051
3944,BA,6987
3945,BA,8190
3946,CBA,6726
3947,SF,8695
3948,BA,7201
3949,CBA,2765
3950,BA,5302
3951,BA,1947
3952,BA,4420
3953,BA,3213
3954,BA,5075
3955,BA,5768
3956,BA,9056
3957,BA,5447
3958,SF,6885
3959,BA,8411
3960,CBA,1612
3961,BA,8399
3962,BA,5299
3963,MZA,2137
3964,BA,3082
3965,BA,7252
3966,BA,5617
3967,BA,5113
3968,BA,8561
3969,BA,2800
3970,BA,5318
3971,CBA,2397
3972,BA,2670
3973,CBA,7704
3974,CBA,5289
3975,BA,2696
3976,BA,3565
3977,CBA,6108
3978,BA,1782
3979,BA,2133
3980,BA,8762
3981,MZA,5403
3982,BA,5350
3983,CBA,5045
3984,CBA,5922
3985,BA,8387
3986,BA,7497
3987,BA,6444
3988,BA,1613
3989,MZA,9536
3990,BA,9335
3991,BA,2745
3992,MZA,8967
3993,CBA,4309
3994,BA,7932
3995,MZA,5695
3996,BA,5576
3997,BA,6610
3998,MZA,4458
3999,BA,7303
4000,MZA,8477
4001,BA,3535
4002,BA,9618
4003,SF,7357
4004,BA,5480
4005,SF,8052
4006,BA,8577
4007,BA,1401
4008,CBA,5308
4009,BA,1255
4010,MZA,4781
4011,BA,7513
4012,BA,1390
4013,BA,2820
4014,BA,8531
4015,CBA,4784
4016,BA,9697
4017,CBA,8832
4018,BA,9670
4019,BA,6193
4020,BA,3288
4021,BA,2991
4022,BA,7774
4023,SF,9302
4024,BA,8576
4025,BA,4737
4026,MZA,8441
4027,BA,6257
4028,MZA,5229
4029,CBA,9882
4030,BA,1759
4031,BA,8846
4032,SF,7367
4033,SF,6838
4034,CBA,3757
4035,BA,4544
4036,BA,3870
4037,BA,4725
4038,MZA,6174
4039,BA,5414
4040,BA,4578
4041,BA,2705
4042,BA,4407
4043,SF,1525
4044,CBA,9376
4045,BA,2363
4046,CBA,3446
4047,BA,1368
4048,BA,8157
4049,BA,6345
4050,BA,1319
4051,MZA,9810
4052,CBA,1210
4053,BA,1627
4054,CBA,5451
4055,SF,4353
4056,MZA,7808
4057,BA,6006
4058,BA,2053
4059,BA,1070
4060,CBA,2635
4061,CBA,7764
4062,BA,6876
4063,BA,2617
4064,BA,3664
4065,CBA,8471
4066,CBA,6014
4067,MZA,6965
4068,SF,6232
4069,CBA,7584
4070,BA,4898
4071,BA,2928
4072,BA,7028
4073,MZA,6340
4074,CBA,2752
4075,SF,6428
4076,BA,2437
4077,BA,1638
4078,SF,4300
4079,CBA,5461
4080,BA,1115
4081,BA,3074
4082,BA,9533
4083,CBA,9390
4084,BA,7486
4085,BA,4886
4086,CBA,5533
4087,BA,1708
4088,BA,5666
4089,BA,1507
4090,BA,1887
4091,SF,8380
4092,SF,7199
4093,BA,4449
4094,MZA,7355
4095,SF,1042
4096,BA,4125
4097,CBA,4098
4098,CBA,1708
4099,BA,8513
4100,BA,3553
4101,CBA,5388
4102,BA,4981
4103,BA,1670
4104,BA,5349
4105,CBA,5084
4106,MZA,7856
4107,BA,3448
4108,CBA,5641
4109,CBA,7078
4110,BA,7682
4111,CBA,9829
4112,MZA,7716
4113,CBA,1579
4114,BA,3328
4115,SF,3452
4116,CBA,2706
4117,SF,2099
4118,CBA,5142
4119,CBA,2876
4120,BA,4788
4121,CBA,2842
4122,SF,3839
4123,BA,8590
4124,CBA,6310
4125,CBA,2018
4126,BA,2296
4127,BA,7815
4128,BA,9045
4129,BA,5346
4130,BA,8553
4131,BA,1230
4132,BA,8840
4133,BA,3509
4134,BA,9399
4135,SF,5213
4136,BA,9453
4137,BA,4297
4138,CBA,7024
4139,BA,5300
4140,CBA,2363
4141,SF,1323
4142,BA,8960
4143,BA,1898
4144,SF,9977
4145,CBA,5811
4146,BA,1008
4147,CBA,1460
4148,BA,8758
4149,CBA,1536
4150,BA,8755
4151,CBA,6264
4152,CBA,5225
4153,BA,4460
4154,BA,8513
4155,SF,7214
4156,BA,6627
4157,SF,6950
4158,BA,5506
4159,CBA,9246
4160,BA,5185
4161,BA,3992
4162,BA,2592
4163,BA,9752
4164,BA,4643
4165,BA,1857
4166,CBA,1653
4167,BA,3199
4168,BA,9979
4169,CBA,9844
4170,BA,8465
4171,BA,2320
4172,BA,5447
4173,SF,9248
4174,CBA,8710
4175,BA,2134
4176,BA,7814
4177,CBA,6453
4178,MZA,9453
4179,BA,4971
4180,CBA,6900
4181,CBA,2017
4182,BA,6178
4183,BA,5907
4184,BA,2104
4185,BA,6769
4186,BA,4435
4187,CBA,9840
4188,MZA,6680
4189,BA,6342
4190,BA,6547
4191,BA,8090
4192,MZA,3877
4193,BA,6379
4194,BA,2493
4195,BA,9568
4196,MZA,3231
4197,MZA,9670
4198,CBA,8353
4199,BA,7663
4200,CBA,7033
